{"ruta_optima": [[-11.859431, -77.081518], [-11.864751, -77.074789], [-11.859332, -77.081435], [-11.87026, -77.070901], [-11.882034, -77.071736], [-11.88135, -77.06977], [-11.88131, -77.069196], [-11.881326, -77.068821], [-11.873148, -77.069245], [-11.822902, -77.059019]], "distancia_optima": 0.08963125513871614}